"day","inspected","defects"
1,50,7
2,50,6
3,50,9
4,50,3
5,50,2
6,50,4
7,50,1
8,50,3
9,50,6
10,50,6
11,50,1
12,50,8
13,50,1
14,50,4
15,50,6
16,50,5
17,50,6
18,50,4
19,50,4
20,50,5
21,50,5
22,50,3
23,50,4
24,50,4
25,50,4
26,50,2
27,50,3
28,50,3
29,50,2
30,50,3
31,50,4
32,50,2
33,50,5
34,50,2
35,50,5
36,50,3
37,50,2
38,50,5
39,50,6
40,50,7
41,50,7
42,50,4
43,50,0
44,50,2
45,50,8
46,50,4
47,50,2
48,50,5
49,50,0
50,50,4
51,50,5
52,50,2
53,50,9
54,50,8
55,50,4
56,50,7
57,50,4
58,50,3
59,50,5
60,50,3
61,50,3
62,50,2
63,50,4
64,50,3
65,50,5
66,50,1
67,50,2
68,50,7
69,50,7
70,50,3
71,50,6
72,50,5
73,50,2
74,50,3
75,50,5
76,50,4
77,50,5
78,50,4
79,50,5
80,50,8
81,50,3
82,50,5
83,50,2
84,50,3
85,50,3
86,50,2
87,50,5
88,50,5
89,50,1
90,50,3
91,50,2
92,50,3
93,50,2
94,50,3
95,50,5
96,50,2
97,50,3
98,50,3
99,50,3
100,50,4
