"order","service_minutes"
1,4.56
2,11.3
3,0.68
4,9.53
5,3.08
6,14.13
7,6.35
8,13.11
9,9.28
10,6.65
11,4.25
12,5.28
13,1.18
14,7.59
15,4.88
16,12.41
17,5.59
18,2.42
19,12.73
20,2.4
21,2.5
22,5.82
23,9.21
24,9.77
25,5.29
26,12.21
27,5.86
28,2.04
29,8.63
30,5.78
31,4.04
32,3.62
33,2.54
34,9.89
35,6.58
36,5.59
37,3.77
38,10.27
39,2.38
40,8.23
41,5.94
42,2.18
43,9.38
44,3.24
45,4.17
46,7.53
47,6.03
48,10.27
49,12.1
50,4.65
51,3.53
52,3.23
53,3.36
54,2.63
55,10.77
56,6.02
57,5.14
58,4.52
59,3.36
60,3.67
61,5.22
62,8.14
63,8.16
64,6.05
65,2.72
66,3.2
67,10.51
68,5.34
69,6.04
70,7.66
71,5.08
72,3.78
73,5.27
74,3.84
75,2.7
76,3.33
77,4.9
78,1.02
79,17.8
80,4.35
81,3.9
82,6.81
83,8.2
84,7.05
85,2.12
86,2.82
87,9.04
88,3.2
89,3.82
90,3.57
91,2.76
92,9.61
93,2.38
94,5.45
95,5.24
96,6.57
97,6.63
98,10.73
99,5.57
100,3.24
101,8.25
102,13.38
103,5.13
104,16.8
105,5.78
106,10.48
107,3.27
108,2.89
109,15.8
110,11.27
111,6.51
112,7.97
113,1.35
114,5.54
115,8.19
116,3.36
117,1.87
118,7.18
119,13.19
120,6.64
121,2.95
122,7.77
123,4.46
124,9.03
125,4.08
126,8.74
127,2.25
128,4
129,7.98
130,5.12
131,6.41
132,6.78
133,8.48
134,6.97
135,10.92
136,8.73
137,2.66
138,2.68
139,2.26
140,6.57
141,0.86
142,1.19
143,3.11
144,6.39
145,3.72
146,4.13
147,3.15
148,2.97
149,5.62
150,5.99
151,3.65
152,2.95
153,7.56
154,5.62
155,7.44
156,3.41
157,4.31
158,7.94
159,7.46
160,6.63
161,14.75
162,7.77
163,10.73
164,5.04
165,4.1
166,7.55
167,2.28
168,3.49
169,4
170,22.61
171,15.58
172,8.47
173,16.78
174,2.61
175,6.9
176,3.95
177,5.01
178,5.22
179,2.14
180,5.31
181,4.21
182,13.66
183,4.26
184,5.16
185,4.39
186,5.33
187,13.3
188,16.69
189,21.43
190,7.69
191,11.85
192,16.38
193,32.6
194,12.57
195,24.63
196,14.82
197,14.56
198,6.25
199,10.67
200,14.1
201,10.7
202,15.05
203,16.88
204,23.35
205,13.34
206,12.41
207,15.25
208,15.44
209,28.83
210,13.7
211,10.93
212,21
213,20.01
214,8.72
215,14.3
216,3.28
217,16.03
218,12.52
219,17.86
220,14.1
221,9.25
222,29.56
223,12.62
224,5.9
225,15.18
226,15.04
227,14.94
228,25.7
229,17.27
230,15.26
231,26.31
232,14.38
233,16.27
234,11.68
235,17.6
236,26.11
237,11.38
238,12.25
239,14.47
240,26.43
241,26.21
242,14.13
243,13.35
244,13.59
245,14.66
246,16.22
247,7.54
248,8.64
249,18.38
250,22.36
251,21.71
252,11.38
253,21.09
254,17.61
255,9.09
256,20.21
257,13.9
258,14.05
259,20.24
260,14.14
261,19
262,14.6
263,20.56
264,12.38
265,15.15
266,13.52
267,15.42
268,23.25
269,14.32
270,11.41
271,21.67
272,15.7
273,16
274,14.93
275,5.61
276,20.52
277,10.37
278,13.26
279,13.01
280,12.73
281,7.69
282,14.28
283,8.51
284,19.91
285,16.29
286,15.54
287,14.73
288,8.86
289,16.93
290,16.91
291,18.61
292,22.13
293,7.48
294,15.46
295,21.9
296,12.02
297,16.02
298,10.31
299,22.22
300,10.12
301,19.36
302,13.85
303,17.2
304,15.93
305,21.94
306,21.29
307,17.55
308,14.2
309,6.89
310,17.55
311,13.38
312,13.75
313,17.69
314,16.49
315,12.42
316,16.64
317,12.15
318,38.45
319,16.09
320,16.29
321,14.38
322,19.19
323,22.26
324,23.37
325,27.45
326,13.93
327,19.47
328,28.1
329,12.31
330,18.42
331,6.52
332,18.99
333,17.49
334,9.43
335,17.97
336,10.73
337,20.21
338,7.82
339,36.89
340,22.14
341,13.39
342,14.46
343,11
344,12.74
345,15.01
346,9.45
347,17.32
348,23.26
349,12.8
350,14.09
351,13.13
352,18.27
353,20.79
354,14.69
355,22.91
356,11.83
357,15.86
358,17.43
359,10.51
360,21.29
361,19.67
362,13.86
363,14.35
364,10.42
365,12.02
366,11.5
367,11.05
368,23.38
369,17.14
370,9.13
371,10.84
372,8.8
373,22.96
374,11.13
375,11.52
376,16.42
377,13.57
378,15.33
379,20.06
380,10.27
381,15.42
382,19.36
383,23.32
384,9.82
385,19.16
386,15.86
387,23.73
388,18.03
389,12.9
390,18.19
391,19.8
392,12.05
393,10.42
394,12.1
395,20.67
396,13.49
397,7.12
398,9.68
399,24.62
400,23.13
401,16.04
402,14.68
403,18.86
404,17.87
405,25.02
406,14.23
407,16.28
408,7.67
409,14.39
410,10.47
411,12.98
412,15.44
413,14.29
414,16.9
415,11.43
416,7.85
417,12.56
418,16.61
419,27.01
420,9.01
